date,open,high,low,close,volume
2026-05-28T04:00,72.495003,73.790001,72.0,73.720001,3964
2026-05-28T08:00,73.724998,73.879997,72.959999,73.254997,2904
2026-05-28T12:00,73.275002,75.349998,73.029999,75.345001,16320
2026-05-28T16:00,75.349998,76.300003,75.095001,75.849998,8295
2026-05-28T20:00,75.839996,76.099998,75.82,75.964996,738
2026-05-29T00:00,75.985001,76.724998,75.584999,75.745003,4787
2026-05-29T04:00,75.785004,76.260002,75.470001,75.845001,3035
2026-05-29T08:00,75.82,76.065002,75.214996,76.0,3418
2026-05-29T12:00,76.0,76.959999,74.815002,76.014999,14874
2026-05-29T16:00,76.029999,76.269997,75.595001,75.834999,6698
2026-05-29T20:00,75.855003,75.964996,75.550003,75.875,604
2026-05-31T20:00,74.970001,76.004997,74.875,75.900002,1275
2026-06-01T00:00,75.849998,76.294998,75.099998,75.629997,3218
2026-06-01T04:00,75.68,76.254997,75.540001,76.059998,3324
2026-06-01T08:00,76.099998,76.565002,75.589996,76.004997,4339
2026-06-01T12:00,75.989998,76.205002,74.055,75.175003,15364
2026-06-01T16:00,75.169998,75.739998,74.849998,75.114998,6107
2026-06-01T20:00,75.110001,75.419998,75.004997,75.309998,489
2026-06-02T00:00,75.300003,76.220001,74.769997,75.525002,3091
2026-06-02T04:00,75.559998,77.269997,75.550003,77.260002,5169
2026-06-02T08:00,77.254997,77.355003,76.464996,76.620003,3552
2026-06-02T12:00,76.610001,77.040001,75.550003,76.095001,10762
2026-06-02T16:00,76.105003,76.120003,75.044998,75.455002,7087
2026-06-02T20:00,75.445,75.595001,74.555,75.105003,1402
2026-06-03T00:00,75.129997,75.625,74.105003,75.425003,2920
2026-06-03T04:00,75.415001,75.485001,74.260002,74.330002,3007
2026-06-03T08:00,74.334999,75.120003,74.205002,74.790001,3366
2026-06-03T12:00,74.809998,74.839996,73.394997,73.644997,13621
2026-06-03T16:00,73.644997,73.934998,73.309998,73.434998,7318
2026-06-03T20:00,73.434998,73.625,72.57,73.400002,1937
2026-06-04T00:00,73.404999,74.050003,72.974998,73.650002,3035
2026-06-04T04:00,73.695,74.169998,73.099998,73.43,2754
2026-06-04T08:00,73.440002,74.915001,73.355003,74.894997,4309
2026-06-04T12:00,74.855003,75.334999,73.400002,74.080002,12136
2026-06-04T16:00,74.089996,74.400002,73.860001,74.315002,6374
2026-06-04T20:00,74.339996,74.379997,74.035004,74.050003,656
2026-06-05T00:00,74.050003,74.059998,72.519997,72.894997,5143
2026-06-05T04:00,72.904999,73.044998,71.440002,72.769997,7177
2026-06-05T08:00,72.775002,73.224998,72.584999,73.169998,6984
2026-06-05T12:00,73.169998,73.699997,68.629997,68.889999,36784
2026-06-05T16:00,68.904999,69.470001,67.964996,68.160004,18815
2026-06-05T20:00,68.154999,69.102997,67.699997,69.102997,1504
2026-06-07T20:00,67.264999,68.334999,67.025002,68.305,2305
2026-06-08T00:00,68.305,68.599998,67.019997,67.925003,5799
2026-06-08T04:00,68.010002,68.135002,66.305,67.080002,6639
2026-06-08T08:00,67.125,68.714996,66.724998,68.599998,7702
2026-06-08T12:00,68.589996,69.095001,67.849998,68.815002,17073
2026-06-08T16:00,68.830002,68.940002,68.190002,68.239998,10804
2026-06-08T20:00,68.254997,68.584999,67.940002,67.995003,1396
2026-06-09T00:00,68.010002,68.415001,67.535004,68.084999,3189
2026-06-09T04:00,68.099998,68.785004,67.885002,68.480003,2951
2026-06-09T08:00,68.455002,68.985001,68.290001,68.690002,3721
2026-06-09T12:00,68.709999,69.18,65.245003,65.389999,27339
2026-06-09T16:00,65.379997,65.93,64.459999,65.355003,17430
2026-06-09T20:00,65.360001,65.555,64.775002,65.029999,1007
2026-06-10T00:00,65.010002,65.239998,63.759998,64.239998,5850
2026-06-10T04:00,64.285004,65.385002,63.544998,64.480003,5506
2026-06-10T08:00,64.495003,64.629997,63.665001,63.895,8126
2026-06-10T12:00,63.895,65.889999,63.465,65.035004,25463
2026-06-10T16:00,65.050003,65.330002,63.825001,63.884998,13390
2026-06-10T20:00,63.884998,63.884998,61.595001,62.490002,3617
2026-06-11T00:00,62.355,64.650002,62.145,63.705002,8326
2026-06-11T04:00,63.724998,64.68,63.540001,64.544998,4051
2026-06-11T08:00,64.535004,64.824997,63.615002,63.895,4460
2026-06-11T12:00,63.895,64.400002,62.895,64.125,18388
2026-06-11T16:00,64.125,67.695,63.740002,67.375,26232
2026-06-11T20:00,67.404999,68.080002,67.205002,67.565002,2156
2026-06-12T00:00,67.629997,67.889999,66.580002,67.279999,4438
2026-06-12T04:00,67.199997,67.264999,65.964996,66.459999,3550
2026-06-12T08:00,66.470001,67.660004,66.400002,67.275002,4878
2026-06-12T12:00,67.275002,68.18,66.285004,67.595001,16139
2026-06-12T16:00,67.574997,68.445,67.43,67.875,11553
2026-06-12T20:00,67.894997,68.169998,67.870003,67.973999,493
2026-06-14T20:00,69.904999,70.449997,69.775002,70.394997,2445
2026-06-15T00:00,70.400002,70.904999,69.949997,70.419998,4466
2026-06-15T04:00,70.459999,70.625,69.955002,70.305,4092
2026-06-15T08:00,70.294998,71.110001,70.260002,70.834999,5835
2026-06-15T12:00,70.834999,71.400002,70.464996,70.745003,14894
2026-06-15T16:00,70.724998,70.785004,69.934998,70.264999,8435
2026-06-15T20:00,70.260002,70.305,69.870003,69.989998,816
2026-06-16T00:00,69.974998,70.040001,69.099998,69.894997,3230
2026-06-16T04:00,69.889999,70.220001,69.294998,70.205002,3337
2026-06-16T08:00,70.209999,70.75,70.084999,70.665001,3473
2026-06-16T12:00,70.644997,71.309998,69.5,70.135002,15634
2026-06-16T16:00,70.139999,70.544998,69.82,70.205002,6012
2026-06-16T20:00,70.205002,70.264999,69.860001,69.945,562
2026-06-17T00:00,69.970001,70.620003,69.955002,70.220001,2447
2026-06-17T04:00,70.220001,70.555,69.959999,70.044998,2621
2026-06-17T08:00,70.035004,70.190002,69.57,69.824997,3768
2026-06-17T12:00,69.849998,70.989998,69.610001,70.794998,11671
2026-06-17T16:00,70.805,71.650002,66.849998,67.099998,28453
2026-06-17T20:00,67.120003,68.485001,67.099998,68.449997,2932
2026-06-18T00:00,68.474998,69.919998,68.470001,69.279999,5021
2026-06-18T04:00,69.279999,69.360001,68.525002,68.525002,4117
2026-06-18T08:00,68.574997,68.639999,66.635002,66.875,6724
2026-06-18T12:00,66.900002,67.650002,66.0,66.175003,16002
2026-06-18T16:00,66.18,66.470001,65.184998,65.864998,10619
2026-06-18T20:00,65.870003,66.044998,65.315002,65.339996,665
2026-06-19T00:00,65.400002,65.589996,64.074997,64.089996,2222
2026-06-21T20:00,63.849998,65.125,63.630001,64.485001,1596
2026-06-22T00:00,64.489998,67.230003,64.459999,65.599998,6980
2026-06-22T04:00,65.599998,66.870003,64.910004,66.275002,4230
2026-06-22T08:00,66.264999,66.855003,64.910004,66.555,3488
2026-06-22T12:00,66.584999,66.949997,64.910004,65.550003,15857
2026-06-22T16:00,65.540001,65.830002,64.910004,65.260002,8377
2026-06-22T20:00,65.269997,65.324997,64.894997,65.010002,689
2026-06-23T00:00,65.0,65.264999,62.720001,63.240002,8878
2026-06-23T04:00,63.224998,63.27,61.855,61.945,9499
2026-06-23T08:00,61.945,62.724998,61.849998,62.130001,7422
2026-06-23T12:00,62.125,62.535,61.535,62.325001,18620
2026-06-23T16:00,62.330002,62.389999,61.369999,61.639999,12145
2026-06-23T20:00,61.645,61.805,60.830002,61.68,2190
2026-06-24T00:00,61.715,62.09,60.75,61.404999,8134
2026-06-24T04:00,61.41,62.435001,60.93,61.564999,7273
2026-06-24T08:00,61.57,61.700001,59.445,59.505001,13256
2026-06-24T12:00,59.494999,59.674999,58.09,58.759998,29814
2026-06-24T16:00,58.764999,58.974998,55.75,57.314999,26222
2026-06-24T20:00,57.310001,57.959999,57.165001,57.73,2446
2026-06-25T00:00,57.779999,57.904999,56.400002,57.52,7957
2026-06-25T04:00,57.540001,57.709999,56.575001,57.330002,7823
2026-06-25T08:00,57.325001,57.744999,56.974998,57.165001,6447
2026-06-25T12:00,57.18,59.049999,56.700001,58.810001,26578
2026-06-25T16:00,58.794998,58.849998,57.700001,57.915001,11947
2026-06-25T20:00,57.900002,58.080002,57.605,57.650002,1080
2026-06-26T00:00,57.599998,57.994999,55.695,56.630001,3426
2026-06-26T04:00,56.605,58.560001,56.275002,58.290001,14344
2026-06-26T08:00,58.285,58.93,58.080002,58.599998,8978
2026-06-26T12:00,58.59,60.0,58.395,59.799999,20376
2026-06-26T16:00,59.810001,59.875,59.255001,59.360001,8258
2026-06-26T20:00,59.360001,59.689999,58.955002,59.674,1768
2026-06-28T20:00,59.540001,59.564999,58.919998,59.110001,878
2026-06-29T00:00,59.105,59.584999,58.485001,59.049999,3352
2026-06-29T04:00,59.064999,59.369999,58.16,58.764999,4016
2026-06-29T08:00,58.779999,58.970001,57.84,58.654999,5815
2026-06-29T12:00,58.665001,59.215,57.865002,58.535,10542
2026-06-29T16:00,58.540001,58.865002,58.360001,58.689999,4978
2026-06-29T20:00,58.674999,59.029999,58.650002,58.919998,462
2026-06-30T00:00,58.875,58.895,57.064999,57.695,7220
2026-06-30T04:00,57.700001,60.084999,57.529999,59.450001,7516
2026-06-30T08:00,59.474998,59.639999,58.84,59.5,4172
2026-06-30T12:00,59.52,60.91,58.665001,60.044998,16677
2026-06-30T16:00,60.035,60.345001,59.584999,59.630001,5953
2026-06-30T20:00,59.630001,59.764999,58.794998,58.865002,2043
2026-07-01T00:00,58.855,59.154999,57.919998,58.25,4902
2026-07-01T04:00,58.279999,58.32,57.555,58.130001,4404
2026-07-01T08:00,58.134998,59.610001,57.959999,59.404999,4539
2026-07-01T12:00,59.384998,61.544998,58.785,60.695,19410
2026-07-01T16:00,60.705002,60.915001,59.724998,59.785,7231
2026-07-01T20:00,59.77,59.919998,59.564999,59.599998,959
2026-07-02T00:00,59.595001,60.855,59.415001,60.775002,3640
2026-07-02T04:00,60.75,60.865002,59.814999,59.834999,3764
2026-07-02T08:00,59.84,60.77,59.740002,60.259998,3229
2026-07-02T12:00,60.25,62.580002,60.119999,61.599998,18251
2026-07-02T16:00,61.615002,61.630001,60.855,61.34,6952
2026-07-02T20:00,61.334999,61.645,61.259998,61.555,372
2026-07-03T00:00,61.580002,63.095001,61.494999,62.720001,4860
2026-07-05T20:00,62.924999,63.73,62.814999,63.25,2335
2026-07-06T00:00,63.275002,63.57,62.195,62.299999,3712
2026-07-06T04:00,62.279999,62.814999,62.02,62.779999,2426
2026-07-06T08:00,62.805,62.814999,62.264999,62.630001,2115
2026-07-06T12:00,62.630001,62.814999,61.77,62.240002,8052
2026-07-06T16:00,62.220001,62.814999,61.950001,62.509998,5048
2026-07-06T20:00,62.505001,62.814999,62.185001,62.200001,514
2026-07-07T00:00,62.154999,62.450001,61.259998,61.5,3521
2026-07-07T04:00,61.509998,61.709999,60.709999,61.244999,3934
2026-07-07T08:00,61.264999,61.84,61.084999,61.810001,2888
2026-07-07T12:00,61.825001,62.314999,60.900002,61.060001,9302
2026-07-07T16:00,61.080002,61.505001,59.849998,60.685001,6954
2026-07-07T20:00,60.66,60.764999,60.009998,60.095001,1456
2026-07-08T00:00,60.080002,61.169998,60.02,60.77,4015
2026-07-08T04:00,60.77,61.455002,60.669998,61.044998,4334
2026-07-08T08:00,61.055,61.099998,58.424999,59.134998,13279
2026-07-08T12:00,59.134998,59.384998,57.605,57.790001,15579
2026-07-08T16:00,57.794998,59.105,57.740002,58.810001,8323
2026-07-08T20:00,58.814999,58.889999,58.52,58.794998,913
2026-07-09T00:00,58.830002,58.974998,57.955002,58.240002,3516
2026-07-09T04:00,58.259998,59.68,58.080002,59.610001,4267
2026-07-09T08:00,59.619999,59.855,59.115002,59.415001,3415
2026-07-09T12:00,59.419998,60.945,59.314999,60.755001,11352
2026-07-09T16:00,60.764999,61.029999,60.285,60.330002,5879
2026-07-09T20:00,60.32,60.455002,60.285,60.41,373
2026-07-10T00:00,60.459999,61.195,60.150002,60.775002,3440
2026-07-10T04:00,60.779999,60.935001,60.18,60.32,2495
2026-07-10T08:00,60.325001,60.365002,59.654999,59.810001,3688
2026-07-10T12:00,59.82,60.450001,59.244999,60.380001,9157
2026-07-10T16:00,60.380001,60.439999,59.919998,60.119999,4092
2026-07-10T20:00,60.110001,60.424999,60.095001,60.165001,412
2026-07-12T20:00,59.255001,59.375,58.889999,59.334999,1037
2026-07-13T00:00,59.365002,59.775002,58.400002,58.560001,4361
2026-07-13T04:00,58.544998,58.91,58.075001,58.869999,4583
2026-07-13T08:00,58.875,59.365002,58.645,58.919998,3186
2026-07-13T12:00,58.915001,59.084999,57.825001,58.345001,10356
2026-07-13T16:00,58.345001,58.424999,57.595001,58.02,8604
2026-07-13T20:00,58.025002,58.105,57.709999,57.919998,417
2026-07-14T00:00,57.945,58.09,57.165001,57.98,4642
2026-07-14T04:00,58.049999,58.744999,57.845001,58.305,3814
2026-07-14T08:00,58.305,58.5,58.055,58.389999,1972
2026-07-14T12:00,58.395,60.040001,58.125,59.16,18430
2026-07-14T16:00,59.150002,59.25,58.810001,59.154999,5580
2026-07-14T20:00,59.16,59.185001,58.959999,59.110001,417
2026-07-15T00:00,59.145,59.404999,58.535,58.740002,2810
2026-07-15T04:00,58.755001,58.895,58.305,58.48,3286
2026-07-15T08:00,58.48,58.779999,58.150002,58.490002,2578
2026-07-15T12:00,58.494999,59.195,57.764999,57.955002,10289
2026-07-15T16:00,57.974998,58.744999,56.919998,58.075001,14060
2026-07-15T20:00,58.080002,58.23,58.029999,58.095001,839
2026-07-16T00:00,58.095001,58.150002,57.16,57.52,3639
2026-07-16T04:00,57.52,57.77,57.0,57.169998,3838
2026-07-16T08:00,57.150002,57.41,56.685001,57.025002,5570
2026-07-16T12:00,57.040001,57.110001,55.654999,56.584999,17444
2026-07-16T16:00,56.595001,56.595001,55.595001,55.985001,8969
2026-07-16T20:00,55.990002,55.990002,55.650002,55.830002,659
2026-07-17T00:00,55.849998,56.029999,55.0,55.630001,5681
2026-07-17T04:00,55.645,56.264999,55.16,55.674999,4520
2026-07-17T08:00,55.68,55.970001,55.435001,55.639999,2981
2026-07-17T12:00,55.665001,56.474998,55.099998,56.349998,12281
2026-07-17T16:00,56.360001,56.459999,56.110001,56.415001,4843
2026-07-17T20:00,56.404999,56.404999,56.125,56.326,0
2026-07-19T20:00,55.924999,56.150002,55.759998,56.150002,634
2026-07-20T00:00,56.169998,57.634998,55.869999,57.294998,5492
2026-07-20T04:00,57.305,57.330002,56.634998,57.259998,3217
2026-07-20T08:00,57.290001,57.755001,56.970001,57.349998,4059
2026-07-20T12:00,57.349998,57.450001,56.650002,57.205002,9094
2026-07-20T16:00,57.200001,57.445,56.630001,56.665001,5396
2026-07-20T20:00,56.68,56.75,56.380001,56.650002,922
2026-07-21T00:00,56.619999,58.145,56.474998,58.105,4727
2026-07-21T04:00,58.125,59.43,58.02,59.43,7308
2026-07-21T08:00,59.419998,59.549999,59.0,59.150002,5112
2026-07-21T12:00,59.16,59.529999,58.555,59.259998,12349
2026-07-21T16:00,59.244999,59.41,58.985001,59.025002,4840
2026-07-21T20:00,59.044998,59.23,58.965,59.16,866
2026-07-22T00:00,59.165001,60.299999,59.084999,60.07,5338
2026-07-22T04:00,60.09,60.105,59.384998,59.415001,3817
2026-07-22T08:00,59.470001,59.950001,59.41,59.665001,2559
2026-07-22T12:00,59.654999,61.27,59.195,60.595001,13154
2026-07-22T16:00,60.575001,60.615002,59.865002,59.959999,7588
2026-07-22T20:00,59.970001,60.235001,59.049999,60.029999,884
2026-07-23T00:00,60.040001,60.360001,59.715,60.044998,2759
2026-07-23T04:00,60.040001,60.205002,58.91,59.220001,3988
2026-07-23T08:00,59.235001,59.305,58.200001,58.814999,4683
2026-07-23T12:00,58.82,58.830002,57.32,57.875,15984
2026-07-23T16:00,57.869999,58.209999,57.674999,57.845001,5406
2026-07-23T20:00,57.855,57.98,57.814999,57.82,492
2026-07-24T00:00,57.849998,58.165001,57.360001,57.549999,3351
2026-07-24T04:00,57.5,58.720001,57.455002,58.470001,3335
2026-07-24T08:00,58.474998,58.924999,58.334999,58.735001,3282
2026-07-24T12:00,58.764999,59.290001,58.125,59.174999,10224
2026-07-24T16:00,59.18,59.220001,58.349998,58.490002,5365
2026-07-24T20:00,58.485001,58.905998,58.395,58.905998,268
2026-07-26T20:00,59.810001,60.18,59.59,59.959999,1804
2026-07-27T00:00,59.970001,60.395,59.555,59.595001,3599
2026-07-27T04:00,59.599998,60.105,59.400002,59.485001,3158
2026-07-27T08:00,59.485001,59.740002,59.305,59.345001,2987
2026-07-27T12:00,59.365002,59.445,58.57,58.91,9419
2026-07-27T16:00,58.91,59.27,58.43,58.82,6490
2026-07-27T20:00,58.810001,58.834999,58.57,58.650002,611
2026-07-28T00:00,58.650002,58.669998,57.264999,57.580002,5105
2026-07-28T04:00,57.59,57.790001,56.900002,57.700001,4288
2026-07-28T08:00,57.695,57.900002,57.220001,57.549999,3620
2026-07-28T12:00,57.575001,57.744999,56.865002,57.66,12168
2026-07-28T16:00,57.665001,57.779999,57.25,57.404999,6151
2026-07-28T20:00,57.400002,57.474998,57.09,57.455002,745
2026-07-29T00:00,57.48,58.220001,57.165001,57.584999,2462
2026-07-29T04:00,57.560001,58.459999,57.535,58.325001,2824
2026-07-29T08:00,58.32,58.334999,57.575001,57.849998,2843
2026-07-29T12:00,57.900002,57.945,56.924999,57.220001,10894
2026-07-29T16:00,57.224998,59.540001,57.035,57.525002,19073
2026-07-29T20:00,57.535,58.759998,57.279999,58.439999,1660
2026-07-30T00:00,58.43,58.889999,57.57,57.73,4356
2026-07-30T04:00,57.77,57.790001,57.145,57.169998,3295
2026-07-30T08:00,57.154999,58.494999,57.119999,58.34,3317
2026-07-30T12:00,58.334999,58.900002,58.005001,58.845001,11765
2026-07-30T16:00,58.845001,59.5,58.775002,59.450001,7001
2026-07-30T20:00,59.445,59.57,59.150002,59.32,1395
2026-07-31T00:00,59.334999,59.384998,58.535,58.615002,2236
2026-07-31T04:00,58.599998,58.990002,58.259998,58.450001,2889
2026-07-31T08:00,58.470001,58.529999,57.875,58.049999,3339
2026-07-31T12:00,58.060001,58.139999,57.220001,57.689999,12038
2026-07-31T16:00,57.669998,58.195,57.540001,58.139999,5883
2026-07-31T20:00,58.125,58.165001,57.755001,57.785999,608
2026-08-02T20:00,58.66,58.689999,58.380001,58.52,650
2026-08-03T00:00,58.505001,58.605,58.014999,58.404999,1878
2026-08-03T04:00,58.435001,58.799999,57.965,58.485001,3194
2026-08-03T08:00,58.48,58.599998,57.935001,58.189999,2303
2026-08-03T12:00,58.174999,58.240002,56.705002,57.625,14313
2026-08-03T16:00,57.634998,58.415001,57.560001,58.27,7266
2026-08-03T20:00,58.264999,58.474998,58.185001,58.459999,679
2026-08-04T00:00,58.465,59.049999,58.185001,58.91,4499
2026-08-04T04:00,58.884998,59.395,58.875,59.205002,3716
2026-08-04T08:00,59.209999,59.715,58.779999,59.68,6226
2026-08-04T12:00,59.674999,60.240002,59.355,59.945,16086
2026-08-04T16:00,59.950001,60.285,59.744999,59.790001,8759
2026-08-04T20:00,59.790001,59.834999,59.619999,59.669998,730
2026-08-05T00:00,59.665001,61.209999,59.639999,61.029999,5301
2026-08-05T04:00,61.009998,62.18,60.939999,62.119999,7516
2026-08-05T08:00,62.105,62.290001,61.34,62.224998,5048
2026-08-05T12:00,62.240002,63.02,61.705002,62.139999,19919
2026-08-05T16:00,62.150002,62.610001,61.970001,62.255001,9223
2026-08-05T20:00,62.255001,62.549999,62.174999,62.415001,1106
2026-08-06T00:00,62.404999,63.32,62.16,62.310001,6159
2026-08-06T04:00,62.330002,62.41,61.720001,62.145,3951
2026-08-06T08:00,62.02,62.485001,61.869999,62.075001,3439
2026-08-06T12:00,62.099998,62.099998,61.215,61.330002,12435
2026-08-06T16:00,61.334999,62.075001,61.119999,62.029999,6360
2026-08-06T20:00,62.025002,62.139999,61.695,61.93,1654
2026-08-07T00:00,61.915001,62.615002,61.419998,62.580002,4028
2026-08-07T04:00,62.580002,64.169998,62.439999,64.139999,11320
2026-08-07T08:00,64.144997,64.959999,64.120003,64.410004,9442
2026-08-07T12:00,64.425003,65.480003,63.525002,63.555,23082
2026-08-07T16:00,63.57,63.924999,63.290001,63.834999,13371
2026-08-07T20:00,63.845001,63.845001,63.499001,63.499001,768
